Name,Slug,Cena,Skupina / poznámka k ceně,Kategorie (Name),Kategorie (Slug),Pořadí v kategorii,Zvýraznit jako balíček
Dermatologická konzultace (30 min)/estetická konzultace (30 min),korektivni-dermatologie-dermatologicka-konzultace-30-min-est,"2 000,-/1 000,-",,Korektivní dermatologie – konzultace,korektivni-dermatologie,1,Ne
1 oblast,aplikace-botulotoxinu-ko-1-oblast,"3 700,-",Plná dávka,Aplikace botulotoxinu – korekce vrásek v obličeji,aplikace-botulotoxinu-korekce-vrasek,1,Ne
1 oblast,aplikace-botulotoxinu-ko-1-oblast-2,"2 600,-",Baby botulotoxin,Aplikace botulotoxinu – korekce vrásek v obličeji,aplikace-botulotoxinu-korekce-vrasek,2,Ne
2 oblasti,aplikace-botulotoxinu-ko-2-oblasti,"6 000,-",Plná dávka,Aplikace botulotoxinu – korekce vrásek v obličeji,aplikace-botulotoxinu-korekce-vrasek,3,Ne
2 oblasti,aplikace-botulotoxinu-ko-2-oblasti-2,"4 100,-",Baby botulotoxin,Aplikace botulotoxinu – korekce vrásek v obličeji,aplikace-botulotoxinu-korekce-vrasek,4,Ne
3 oblasti,aplikace-botulotoxinu-ko-3-oblasti,"8 000,-",Plná dávka,Aplikace botulotoxinu – korekce vrásek v obličeji,aplikace-botulotoxinu-korekce-vrasek,5,Ne
3 oblasti,aplikace-botulotoxinu-ko-3-oblasti-2,"5 600,-",Baby botulotoxin,Aplikace botulotoxinu – korekce vrásek v obličeji,aplikace-botulotoxinu-korekce-vrasek,6,Ne
Bocouture 2 oblasti,aplikace-botulotoxinu-ko-bocouture-2-oblasti,"7 000,-",,Aplikace botulotoxinu – korekce vrásek v obličeji,aplikace-botulotoxinu-korekce-vrasek,7,Ne
Lip flip,aplikace-botulotoxinu-ko-lip-flip,"1 700,-",,Aplikace botulotoxinu – korekce vrásek v obličeji,aplikace-botulotoxinu-korekce-vrasek,8,Ne
Gummy smile,aplikace-botulotoxinu-ko-gummy-smile,"1 800,-",,Aplikace botulotoxinu – korekce vrásek v obličeji,aplikace-botulotoxinu-korekce-vrasek,9,Ne
DAO (ústní koutky),aplikace-botulotoxinu-ko-dao-ustni-koutky,"3 000,-",,Aplikace botulotoxinu – korekce vrásek v obličeji,aplikace-botulotoxinu-korekce-vrasek,10,Ne
Brada,aplikace-botulotoxinu-ko-brada,"2 000,-",,Aplikace botulotoxinu – korekce vrásek v obličeji,aplikace-botulotoxinu-korekce-vrasek,11,Ne
Masseter,aplikace-botulotoxinu-ko-masseter,"8 000,-",,Aplikace botulotoxinu – korekce vrásek v obličeji,aplikace-botulotoxinu-korekce-vrasek,12,Ne
Platysma (Nefertiti lifting),aplikace-botulotoxinu-ko-platysma-nefertiti-lifting,"7 500,-",,Aplikace botulotoxinu – korekce vrásek v obličeji,aplikace-botulotoxinu-korekce-vrasek,13,Ne
Full face botulotoxin,aplikace-botulotoxinu-ko-full-face-botulotoxin,"14 000,-",,Aplikace botulotoxinu – korekce vrásek v obličeji,aplikace-botulotoxinu-korekce-vrasek,14,Ne
Oblast podpaží,aplikace-botulotoxinu-od-oblast-podpazi,"11 000,-",,Aplikace botulotoxinu – odstranění nadměrného pocení,aplikace-botulotoxinu-odstraneni-nadmerneho-poceni,1,Ne
Dlaně,aplikace-botulotoxinu-od-dlane,"11 000,-",,Aplikace botulotoxinu – odstranění nadměrného pocení,aplikace-botulotoxinu-odstraneni-nadmerneho-poceni,2,Ne
Chodidla,aplikace-botulotoxinu-od-chodidla,"12 000,-",,Aplikace botulotoxinu – odstranění nadměrného pocení,aplikace-botulotoxinu-odstraneni-nadmerneho-poceni,3,Ne
"1 ml / 0,55 ml",aplikace-vyplnovych-mate-1-ml-0-55-ml,"8 000,-",RTY,Výplně kyselinou hyaluronovou – korekce vrásek,aplikace-vyplnovych-materialu-kyselina-hyaluronova,1,Ne
1 ml,aplikace-vyplnovych-mate-1-ml,"8 000,-",Objemová modelace kyseliny hyaluronové,Výplně kyselinou hyaluronovou – korekce vrásek,aplikace-vyplnovych-materialu-kyselina-hyaluronova,2,Ne
2 ml,aplikace-vyplnovych-mate-2-ml,"14 000,-",Objemová modelace kyseliny hyaluronové,Výplně kyselinou hyaluronovou – korekce vrásek,aplikace-vyplnovych-materialu-kyselina-hyaluronova,3,Ne
3 ml,aplikace-vyplnovych-mate-3-ml,"20 000,-",Objemová modelace kyseliny hyaluronové,Výplně kyselinou hyaluronovou – korekce vrásek,aplikace-vyplnovych-materialu-kyselina-hyaluronova,4,Ne
4 ml,aplikace-vyplnovych-mate-4-ml,"25 000,-",Objemová modelace kyseliny hyaluronové,Výplně kyselinou hyaluronovou – korekce vrásek,aplikace-vyplnovych-materialu-kyselina-hyaluronova,5,Ne
1 ml,aplikace-vyplnovych-mate-1-ml-2,"8 000,-",Aplikace pod oči,Výplně kyselinou hyaluronovou – korekce vrásek,aplikace-vyplnovych-materialu-kyselina-hyaluronova,6,Ne
Rozpuštění starých výplní aplikovaných jinde,aplikace-vyplnovych-mate-rozpusteni-starych-vyplni-aplikovan,"4 000,-",,Výplně kyselinou hyaluronovou – korekce vrásek,aplikace-vyplnovych-materialu-kyselina-hyaluronova,7,Ne
Radiesse,vyplne-hydroxyapatit-radiesse,"15 000,-",,Výplně hydroxyapatit,vyplne-hydroxyapatit,1,Ne
"Lenisna (1 lokalita) – obličej, krk, dekolt, ruce",biostimulace-kyselinou-p-lenisna-1-lokalita-oblicej-krk-deko,"16 000,-",,Biostimulace kyselinou polymléčnou,biostimulace-kyselinou-polymlecnou,1,Ne
Juvelook – oční okolí: 1 ošetření,biostimulace-kyselinou-p-juvelook-ocni-okoli-1-osetreni,"5 500,-",,Biostimulace kyselinou polymléčnou,biostimulace-kyselinou-polymlecnou,2,Ne
Juvelook – oční okolí: 2 ošetření,biostimulace-kyselinou-p-juvelook-ocni-okoli-2-osetreni,"10 000,-",,Biostimulace kyselinou polymléčnou,biostimulace-kyselinou-polymlecnou,3,Ne
Juvelook – oční okolí: 3 ošetření,biostimulace-kyselinou-p-juvelook-ocni-okoli-3-osetreni,"13 000,-",,Biostimulace kyselinou polymléčnou,biostimulace-kyselinou-polymlecnou,4,Ne
Profhilo (2 ml),bioremodelace-profhilo-2-ml,"7 500,-",,Bioremodelace,bioremodelace,1,Ne
Výhodný balíček dvou ošetření Profhilo,bioremodelace-vyhodny-balicek-dvou-osetreni-profhilo,"12 000,-",,Bioremodelace,bioremodelace,2,Ano
Structura (2 ml) – pouze do oblasti tváří,bioremodelace-structura-2-ml-pouze-do-oblasti-tvari,"15 000,-",,Bioremodelace,bioremodelace,3,Ne
Výhodný balíček dvou ošetření Structura,bioremodelace-vyhodny-balicek-dvou-osetreni-structura,"27 000,-",,Bioremodelace,bioremodelace,4,Ano
RRS HA Long Lasting (LOLA) 3 ml,bioremodelace-rrs-ha-long-lasting-lola-3-ml,"8 000,-",,Bioremodelace,bioremodelace,5,Ne
"Jalupro Super Hydro (2,5 ml)",biorevitalizace-jalupro-super-hydro-2-5-ml,"7 500,-",,Biorevitalizace,biorevitalizace,1,Ne
Výhodný balíček dvou ošetření Jalupro Super Hydro,biorevitalizace-vyhodny-balicek-dvou-osetreni-jalupro-super-,"12 000,-",,Biorevitalizace,biorevitalizace,2,Ano
Vitaran I (1 ml) – aplikace pod oči,polynukleotidy-vitaran-i-1-ml-aplikace-pod-oci,"4 000,-",,"Polynukleotidy (PDRN terapie, DNA z lososovitých ryb)",polynukleotidy,1,Ne
Vitaran II (2 ml) – ošetření tváří / celého obličeje,polynukleotidy-vitaran-ii-2-ml-osetreni-tvari-celeho-oblicej,"6 000,-",,"Polynukleotidy (PDRN terapie, DNA z lososovitých ryb)",polynukleotidy,2,Ne
"Amella (2,5)",polynukleotidy-amella-2-5,"8 000,-",,"Polynukleotidy (PDRN terapie, DNA z lososovitých ryb)",polynukleotidy,3,Ne
Plenhyage XL (2 ml),polynukleotidy-plenhyage-xl-2-ml,"7 000,-",,"Polynukleotidy (PDRN terapie, DNA z lososovitých ryb)",polynukleotidy,4,Ne
Ameela Exosomy,exosomy-ameela-exosomy,"4 500,-",,Exosomy,exosomy,1,Ne
"Neauvia Organic Hydrodeluxe (2,5 ml)",mezoterapie-neauvia-organic-hydrodeluxe-2-5-ml,"6 000,-",,Mezoterapie,mezoterapie,1,Ne
Mezoterapie vlasové pokožky vybranými mezoterapeutickými roztoky,mezoterapie-mezoterapie-vlasove-pokozky-vybranymi-mezoterape,"od 1 800,-",,Mezoterapie,mezoterapie,2,Ne
Polynukleotidy do vlasů (2 ml),mezoterapie-polynukleotidy-do-vlasu-2-ml,"6 000,-",,Mezoterapie,mezoterapie,3,Ne
Full face ošetření – Excellence Visage/Namica,nitovy-lifting-full-face-osetreni-excellence-visage-namica,"32 000,-/43 000,-",,Niťový lifting,nitovy-lifting,1,Ne
Full face (kombinace Excellence Visage + Light Liht Thread),nitovy-lifting-full-face-kombinace-excellence-visage-light-l,"38 000,-",,Niťový lifting,nitovy-lifting,2,Ne
Dolní třetina obličeje / marionety (LLT / Nanospring / Light Lift Spring),nitovy-lifting-dolni-tretina-obliceje-marionety-llt-nanospri,"18 000,-",,Niťový lifting,nitovy-lifting,3,Ne
Horní třetina obličeje (Excellence Visage soft),nitovy-lifting-horni-tretina-obliceje-excellence-visage-soft,"18 000,-",,Niťový lifting,nitovy-lifting,4,Ne
Foxy Eyes / podbradek (Light Lift Needle),nitovy-lifting-foxy-eyes-podbradek-light-lift-needle,"20 000,-",,Niťový lifting,nitovy-lifting,5,Ne
Rhinoplastika (Rhino Sole),nitovy-lifting-rhinoplastika-rhino-sole,"18 000,-",,Niťový lifting,nitovy-lifting,6,Ne
Aptos Wire samostatně,nitovy-lifting-aptos-wire-samostatne,"7 000,-",,Niťový lifting,nitovy-lifting,7,Ne
Při kombinaci s další metodou niťového liftingu navíc,nitovy-lifting-pri-kombinaci-s-dalsi-metodou-nitoveho-liftin,"4 000,-",,Niťový lifting,nitovy-lifting,8,Ne
malý rozsah,nitovy-lifting-maly-rozsah,"38 000,-",Podbradek současně s liposukcí podbradku (LLN + lipo kanyla),Niťový lifting,nitovy-lifting,9,Ne
střední rozsah,nitovy-lifting-stredni-rozsah,"41 000,-",Podbradek současně s liposukcí podbradku (LLN + lipo kanyla),Niťový lifting,nitovy-lifting,10,Ne
velký rozsah,nitovy-lifting-velky-rozsah,"45 000,-",Podbradek současně s liposukcí podbradku (LLN + lipo kanyla),Niťový lifting,nitovy-lifting,11,Ne
Namica + Light Lift Spring,nitovy-lifting-namica-light-lift-spring,"49 000,-",,Niťový lifting,nitovy-lifting,12,Ne
1 ošetření (dle ošetřovaného rozsahu),injekcni-lipolyza-1-osetreni-dle-osetrovaneho-rozsahu,"od 1 500,-",Podbradek,Injekční lipolýza,injekcni-lipolyza,1,Ne
1 ošetření,injekcni-lipolyza-1-osetreni,"4 000,-",Břicho,Injekční lipolýza,injekcni-lipolyza,2,Ne
2 ošetření,injekcni-lipolyza-2-osetreni,"7 500,-",Břicho,Injekční lipolýza,injekcni-lipolyza,3,Ne
3 ošetření,injekcni-lipolyza-3-osetreni,"11 000,-",Břicho,Injekční lipolýza,injekcni-lipolyza,4,Ne
4 ošetření,injekcni-lipolyza-4-osetreni,"14 000,-",Břicho,Injekční lipolýza,injekcni-lipolyza,5,Ne
1 aplikace včetně infuzního setu,infuze-vitaminu-c-1-aplikace-vcetne-infuzniho-setu,"1 500,-",,Infuze vitamínu C,infuze-vitaminu-c,1,Ne
Zvýhodněný balíček 3 aplikací,infuze-vitaminu-c-zvyhodneny-balicek-3-aplikaci,"3 900,-",,Infuze vitamínu C,infuze-vitaminu-c,2,Ano
Multivitamínová infuze,infuze-vitaminu-c-multivitaminova-infuze,"1 200,-",,Infuze vitamínu C,infuze-vitaminu-c,3,Ne
Zvýhodněný balíček 3 aplikací (multivitamín),infuze-vitaminu-c-zvyhodneny-balicek-3-aplikaci-multivitamin,"3 000,-",,Infuze vitamínu C,infuze-vitaminu-c,4,Ano
Jalupro Glow Peel – 1 ošetření,chemicky-peeling-jalupro-glow-peel-1-osetreni,"1 700,-",,Chemický peeling,chemicky-peeling,1,Ne
Trichloroctová kyselina,chemicky-peeling-trichloroctova-kyselina,"3 500,-",,Chemický peeling,chemicky-peeling,2,Ne
Azelová kyselina,chemicky-peeling-azelova-kyselina,"2 500,-",,Chemický peeling,chemicky-peeling,3,Ne
AKN ID peel,chemicky-peeling-akn-id-peel,"1 500,-",,Chemický peeling,chemicky-peeling,4,Ne
Obličej,mikrojehlickova-radiofre-oblicej,"9 000,-",,Mikrojehličová radiofrekvence VIVACE,mikrojehlickova-radiofrekvence-vivace,1,Ne
Obličej + krk,mikrojehlickova-radiofre-oblicej-krk,"11 500,-",,Mikrojehličová radiofrekvence VIVACE,mikrojehlickova-radiofrekvence-vivace,2,Ne
Krk + dekolt,mikrojehlickova-radiofre-krk-dekolt,"11 500,-",,Mikrojehličová radiofrekvence VIVACE,mikrojehlickova-radiofrekvence-vivace,3,Ne
Obličej + krk + dekolt,mikrojehlickova-radiofre-oblicej-krk-dekolt,"13 500,-",,Mikrojehličová radiofrekvence VIVACE,mikrojehlickova-radiofrekvence-vivace,4,Ne
Břicho,mikrojehlickova-radiofre-bricho,"10 000,-",,Mikrojehličová radiofrekvence VIVACE,mikrojehlickova-radiofrekvence-vivace,5,Ne
Oblast nad koleny,mikrojehlickova-radiofre-oblast-nad-koleny,"7 500,-",,Mikrojehličová radiofrekvence VIVACE,mikrojehlickova-radiofrekvence-vivace,6,Ne
Vnitřní strany paží,mikrojehlickova-radiofre-vnitrni-strany-pazi,"10 000,-",,Mikrojehličová radiofrekvence VIVACE,mikrojehlickova-radiofrekvence-vivace,7,Ne
Strie / jizvy (dle rozsahu),mikrojehlickova-radiofre-strie-jizvy-dle-rozsahu,"od 5 000,-",,Mikrojehličová radiofrekvence VIVACE,mikrojehlickova-radiofrekvence-vivace,8,Ne
Mikrojehličková radiofrekvence obličej + polynukleotidy (1 oblast),mikrojehlickova-radiofre-mikrojehlickova-radiofrekvence-obli,"14 900,-",,Mikrojehličová radiofrekvence VIVACE,mikrojehlickova-radiofrekvence-vivace,9,Ne
Mikrojehličková radiofrekvence obličej + krk + polynukleotidy (1 oblast),mikrojehlickova-radiofre-mikrojehlickova-radiofrekvence-obli-2,"16 900,-",,Mikrojehličová radiofrekvence VIVACE,mikrojehlickova-radiofrekvence-vivace,10,Ne
Mikrojehličková radiofrekvence obličej + krk + dekolt + polynukleotidy (1 oblast),mikrojehlickova-radiofre-mikrojehlickova-radiofrekvence-obli-3,"18 900,-",,Mikrojehličová radiofrekvence VIVACE,mikrojehlickova-radiofrekvence-vivace,11,Ne
Celý obličej,osetreni-mikrojehlickova-cely-oblicej,"4 500,-",,Mikrojehličkování Dermapen4,osetreni-mikrojehlickovani-dermapenem4,1,Ne
Krk,osetreni-mikrojehlickova-krk,"3 000,-",,Mikrojehličkování Dermapen4,osetreni-mikrojehlickovani-dermapenem4,2,Ne
Dekolt,osetreni-mikrojehlickova-dekolt,"3 500,-",,Mikrojehličkování Dermapen4,osetreni-mikrojehlickovani-dermapenem4,3,Ne
Obličej a krk,osetreni-mikrojehlickova-oblicej-a-krk,"7 000,-",,Mikrojehličkování Dermapen4,osetreni-mikrojehlickovani-dermapenem4,4,Ne
Obličej/krk/dekolt/hřbety rukou,alma-pixel-co2-laser-rej-oblicej-krk-dekolt-hrbety-rukou,"4 500,-",,ALMA PIXEL CO2 laser – rejuvenace laserový peeling,alma-pixel-co2-laser-rejuvenace-laserovy-peeling,1,Ne
Ošetření 1 části obličeje (čelo nebo oční okolí nebo tváře nebo okolí úst),alma-pixel-co2-laser-rej-osetreni-1-casti-obliceje-celo-nebo,"4 000,-",,ALMA PIXEL CO2 laser – rejuvenace frakční,alma-pixel-co2-laser-rejuvenace-frakcni,1,Ne
Obličej,alma-pixel-co2-laser-rej-oblicej,"15 000,-",,ALMA PIXEL CO2 laser – rejuvenace frakční,alma-pixel-co2-laser-rejuvenace-frakcni,2,Ne
Krk,alma-pixel-co2-laser-rej-krk,"10 000,-",,ALMA PIXEL CO2 laser – rejuvenace frakční,alma-pixel-co2-laser-rejuvenace-frakcni,3,Ne
Dekolt,alma-pixel-co2-laser-rej-dekolt,"12 000,-",,ALMA PIXEL CO2 laser – rejuvenace frakční,alma-pixel-co2-laser-rejuvenace-frakcni,4,Ne
Hřbety rukou,alma-pixel-co2-laser-rej-hrbety-rukou,"8 000,-",,ALMA PIXEL CO2 laser – rejuvenace frakční,alma-pixel-co2-laser-rejuvenace-frakcni,5,Ne
Horní ret,epilace-horni-ret,"600,-",,Epilace - odstranění nežádoucího ochlupení,epilace,1,Ne
Brada,epilace-brada,"600,-",,Epilace - odstranění nežádoucího ochlupení,epilace,2,Ne
Krk,epilace-krk,"600,-",,Epilace - odstranění nežádoucího ochlupení,epilace,3,Ne
Podpaží,epilace-podpazi,"1 400,-",,Epilace - odstranění nežádoucího ochlupení,epilace,4,Ne
Intimní partie,epilace-intimni-partie,"1 800,-",,Epilace - odstranění nežádoucího ochlupení,epilace,5,Ne
Lýtka,epilace-lytka,"2 000,-",,Epilace - odstranění nežádoucího ochlupení,epilace,6,Ne
Stehna,epilace-stehna,"3 000,-",,Epilace - odstranění nežádoucího ochlupení,epilace,7,Ne
Celé nohy,epilace-cele-nohy,"5 000,-",,Epilace - odstranění nežádoucího ochlupení,epilace,8,Ne
Celé ruce,epilace-cele-ruce,"2 500,-",,Epilace - odstranění nežádoucího ochlupení,epilace,9,Ne
Linie u pupíku,epilace-linie-u-pupiku,"700,-",,Epilace - odstranění nežádoucího ochlupení,epilace,10,Ne
Prsa,epilace-prsa,"700,-",,Epilace - odstranění nežádoucího ochlupení,epilace,11,Ne
Hruď,epilace-hrud,"3 000,-",,Epilace - odstranění nežádoucího ochlupení,epilace,12,Ne
Vyšetření pigmentových névů (v rámci konzultace 30 min),odstraneni-benignich-utv-vysetreni-pigmentovych-nevu-v-ramci,"2 000,-",,Odstranění benigních útvarů,odstraneni-benignich-utvaru,1,Ne
"Excize – vyříznutí kožního útvaru se suturou (šití), vel. do 0,5 cm",odstraneni-benignich-utv-excize-vyriznuti-kozniho-utvaru-se-,"1 500,-",,Odstranění benigních útvarů,odstraneni-benignich-utvaru,2,Ne
"Excize – vyříznutí kožního útvaru se suturou (šití), vel. do 2 cm",odstraneni-benignich-utv-excize-vyriznuti-kozniho-utvaru-se--2,"1 800,-",,Odstranění benigních útvarů,odstraneni-benignich-utvaru,3,Ne
"Excize – vyříznutí kožního útvaru se suturou (šití), vel. nad 2 cm",odstraneni-benignich-utv-excize-vyriznuti-kozniho-utvaru-se--3,"2 400,-",,Odstranění benigních útvarů,odstraneni-benignich-utvaru,4,Ne
Excize – vyříznutí kožního útvaru bez sutury,odstraneni-benignich-utv-excize-vyriznuti-kozniho-utvaru-bez,"1 300,-",,Odstranění benigních útvarů,odstraneni-benignich-utvaru,5,Ne
Biopsie,odstraneni-benignich-utv-biopsie,"1 000,-",,Odstranění benigních útvarů,odstraneni-benignich-utvaru,6,Ne
Histologické vyšetření odstraněného útvaru,odstraneni-benignich-utv-histologicke-vysetreni-odstraneneho,2 000-,,Odstranění benigních útvarů,odstraneni-benignich-utvaru,7,Ne
Snesení mnohočetných molusek – do 20 ks,odstraneni-koznich-utvar-sneseni-mnohocetnych-molusek-do-20-,"700,-",,Odstranění kožních útvarů,odstraneni-koznich-utvaru,1,Ne
Odstranění benigních útvarů ostrou lžičkou či kyretou do 1 cm2 v průměru,odstraneni-koznich-utvar-odstraneni-benignich-utvaru-ostrou-,"od 500,-",,Odstranění kožních útvarů,odstraneni-koznich-utvaru,2,Ne
Odstranění 1 útvaru laserem,alma-pixel-co2-laser-ods-odstraneni-1-utvaru-laserem,"1 600,-",,ALMA PIXEL CO2 laser – odstranění útvarů,alma-pixel-co2-laser-odstraneni-utvaru,1,Ne
Odstranění 2 útvarů laserem,alma-pixel-co2-laser-ods-odstraneni-2-utvaru-laserem,"2 600,-",,ALMA PIXEL CO2 laser – odstranění útvarů,alma-pixel-co2-laser-odstraneni-utvaru,2,Ne
Odstranění 3 útvarů laserem,alma-pixel-co2-laser-ods-odstraneni-3-utvaru-laserem,"3 300,-",,ALMA PIXEL CO2 laser – odstranění útvarů,alma-pixel-co2-laser-odstraneni-utvaru,3,Ne
Odstranění 4-5 útvarů laserem,alma-pixel-co2-laser-ods-odstraneni-4-5-utvaru-laserem,"4 000,-",,ALMA PIXEL CO2 laser – odstranění útvarů,alma-pixel-co2-laser-odstraneni-utvaru,4,Ne
Odstranění 5-10 útvarů laserem,alma-pixel-co2-laser-ods-odstraneni-5-10-utvaru-laserem,"5 000,-",,ALMA PIXEL CO2 laser – odstranění útvarů,alma-pixel-co2-laser-odstraneni-utvaru,5,Ne
Větší oblast např. seboroické veruky při větším počtu,alma-pixel-co2-laser-ods-vetsi-oblast-napr-seboroicke-veruky,"6 000,-",,ALMA PIXEL CO2 laser – odstranění útvarů,alma-pixel-co2-laser-odstraneni-utvaru,6,Ne
Celý obličej,adena-lcd-g-plus-cely-oblicej,"5 000,-",,ADENA LCD G+,adena-lcd-g-plus,1,Ne
Zvýhodněný balíček 3 ošetření,adena-lcd-g-plus-zvyhodneny-balicek-3-osetreni,"13 000,-",,ADENA LCD G+,adena-lcd-g-plus,2,Ano
Pigmentace (1 ks),adena-lcd-g-plus-pigmentace-1-ks,"2 000,-",,ADENA LCD G+,adena-lcd-g-plus,3,Ne
Žilky kolem nosu,adena-lcd-g-plus-zilky-kolem-nosu,"2000 - 2500,-",,ADENA LCD G+,adena-lcd-g-plus,4,Ne
Tváře,adena-lcd-g-plus-tvare,"4 000,-",,ADENA LCD G+,adena-lcd-g-plus,5,Ne
Hřbety rukou,adena-lcd-g-plus-hrbety-rukou,"4 000,-",,ADENA LCD G+,adena-lcd-g-plus,6,Ne
Dekolt,adena-lcd-g-plus-dekolt,"6 000,-",,ADENA LCD G+,adena-lcd-g-plus,7,Ne
